-- phpMyAdmin SQL Dump
-- version 5.2.0
-- https://www.phpmyadmin.net/
--
-- Host: 127.0.0.1
-- Generation Time: Nov 13, 2023 at 04:48 AM
-- Server version: 10.4.27-MariaDB
-- PHP Version: 8.2.0

SET SQL_MODE = "NO_AUTO_VALUE_ON_ZERO";
START TRANSACTION;
SET time_zone = "+00:00";


/*!40101 SET @OLD_CHARACTER_SET_CLIENT=@@CHARACTER_SET_CLIENT */;
/*!40101 SET @OLD_CHARACTER_SET_RESULTS=@@CHARACTER_SET_RESULTS */;
/*!40101 SET @OLD_COLLATION_CONNECTION=@@COLLATION_CONNECTION */;
/*!40101 SET NAMES utf8mb4 */;

--
-- Database: `aplikasi_spp`
--

-- --------------------------------------------------------

--
-- Table structure for table `kelas`
--

CREATE TABLE `kelas` (
  `id_kelas` int(11) NOT NULL,
  `nama_kelas` varchar(10) NOT NULL,
  `kopetensi_keahlian` varchar(50) NOT NULL
) ENGINE=InnoDB DEFAULT CHARSET=utf8mb4 COLLATE=utf8mb4_general_ci;

--
-- Dumping data for table `kelas`
--

INSERT INTO `kelas` (`id_kelas`, `nama_kelas`, `kopetensi_keahlian`) VALUES
(2, 'XII', 'RPL'),
(4, 'X', 'Tata Busana'),
(6, 'XII', 'Teknik komputer dan jaringan');

-- --------------------------------------------------------

--
-- Table structure for table `logs`
--

CREATE TABLE `logs` (
  `id` int(11) NOT NULL,
  `pesan` varchar(255) NOT NULL,
  `tanggal` date NOT NULL
) ENGINE=InnoDB DEFAULT CHARSET=utf8mb4 COLLATE=utf8mb4_general_ci;

-- --------------------------------------------------------

--
-- Table structure for table `pembayaran`
--

CREATE TABLE `pembayaran` (
  `id_pembayaran` int(11) NOT NULL,
  `id_petugas` int(11) NOT NULL,
  `nisn` char(10) NOT NULL,
  `tgl_bayar` date NOT NULL,
  `bulan_bayar` varchar(10) NOT NULL,
  `tahun_dibayar` varchar(4) NOT NULL,
  `id_spp` int(11) NOT NULL,
  `jumlah_bayar` int(11) NOT NULL
) ENGINE=InnoDB DEFAULT CHARSET=utf8mb4 COLLATE=utf8mb4_general_ci;

--
-- Dumping data for table `pembayaran`
--

INSERT INTO `pembayaran` (`id_pembayaran`, `id_petugas`, `nisn`, `tgl_bayar`, `bulan_bayar`, `tahun_dibayar`, `id_spp`, `jumlah_bayar`) VALUES
(25, 1, '0123456788', '2023-11-06', 'November', '2023', 14, 200000),
(26, 1, '018', '2023-11-06', 'November', '2023', 7, 100000),
(27, 4, '345', '2023-11-06', 'November', '2023', 14, 2000000);

-- --------------------------------------------------------

--
-- Table structure for table `petugas`
--

CREATE TABLE `petugas` (
  `id_petugas` int(10) NOT NULL,
  `nama_petugas` varchar(30) NOT NULL,
  `username` varchar(20) NOT NULL,
  `password` varchar(32) NOT NULL,
  `level` enum('admin','petugas') NOT NULL
) ENGINE=InnoDB DEFAULT CHARSET=utf8mb4 COLLATE=utf8mb4_general_ci;

--
-- Dumping data for table `petugas`
--

INSERT INTO `petugas` (`id_petugas`, `nama_petugas`, `username`, `password`, `level`) VALUES
(1, 'kanaya', 'anjani', '289dff07669d7a23de0ef88d2f7129e7', 'admin'),
(4, 'ana', 'anaz', '202cb962ac59075b964b07152d234b70', 'petugas');

-- --------------------------------------------------------

--
-- Table structure for table `siswa`
--

CREATE TABLE `siswa` (
  `nisn` char(10) NOT NULL,
  `nis` char(8) NOT NULL,
  `nama_siswa` varchar(35) NOT NULL,
  `alamat` text NOT NULL,
  `no_tlpn` varchar(13) NOT NULL,
  `id_kelas` int(11) NOT NULL,
  `password` varchar(32) NOT NULL
) ENGINE=InnoDB DEFAULT CHARSET=utf8mb4 COLLATE=utf8mb4_general_ci;

--
-- Dumping data for table `siswa`
--

INSERT INTO `siswa` (`nisn`, `nis`, `nama_siswa`, `alamat`, `no_tlpn`, `id_kelas`, `password`) VALUES
('0123456788', '1233', 'kanaya', 'lampung', '08576457', 2, '202cb962ac59075b964b07152d234b70'),
('018', '789', 'anjani', 'hatimu', '01111879', 2, '202cb962ac59075b964b07152d234b70'),
('345', '123', 'feby', 'kota gajah', '08111111', 4, '3cec07e9ba5f5bb252d13f5f431e4bbb');

-- --------------------------------------------------------

--
-- Table structure for table `spp`
--

CREATE TABLE `spp` (
  `id_spp` int(11) NOT NULL,
  `tahun` int(11) NOT NULL,
  `nominal` int(11) NOT NULL
) ENGINE=InnoDB DEFAULT CHARSET=utf8mb4 COLLATE=utf8mb4_general_ci;

--
-- Dumping data for table `spp`
--

INSERT INTO `spp` (`id_spp`, `tahun`, `nominal`) VALUES
(7, 2023, 100000),
(14, 2022, 2000000);

--
-- Indexes for dumped tables
--

--
-- Indexes for table `kelas`
--
ALTER TABLE `kelas`
  ADD PRIMARY KEY (`id_kelas`);

--
-- Indexes for table `logs`
--
ALTER TABLE `logs`
  ADD PRIMARY KEY (`id`);

--
-- Indexes for table `pembayaran`
--
ALTER TABLE `pembayaran`
  ADD PRIMARY KEY (`id_pembayaran`),
  ADD KEY `id_petugas` (`id_petugas`),
  ADD KEY `nisn` (`nisn`),
  ADD KEY `id_spp` (`id_spp`);

--
-- Indexes for table `petugas`
--
ALTER TABLE `petugas`
  ADD PRIMARY KEY (`id_petugas`);

--
-- Indexes for table `siswa`
--
ALTER TABLE `siswa`
  ADD PRIMARY KEY (`nisn`),
  ADD UNIQUE KEY `nis` (`nis`),
  ADD KEY `id_kelas` (`id_kelas`),
  ADD KEY `id_kelas_2` (`id_kelas`);

--
-- Indexes for table `spp`
--
ALTER TABLE `spp`
  ADD PRIMARY KEY (`id_spp`);

--
-- AUTO_INCREMENT for dumped tables
--

--
-- AUTO_INCREMENT for table `kelas`
--
ALTER TABLE `kelas`
  MODIFY `id_kelas` int(11) NOT NULL AUTO_INCREMENT, AUTO_INCREMENT=13;

--
-- AUTO_INCREMENT for table `logs`
--
ALTER TABLE `logs`
  MODIFY `id` int(11) NOT NULL AUTO_INCREMENT;

--
-- AUTO_INCREMENT for table `pembayaran`
--
ALTER TABLE `pembayaran`
  MODIFY `id_pembayaran` int(11) NOT NULL AUTO_INCREMENT, AUTO_INCREMENT=29;

--
-- AUTO_INCREMENT for table `petugas`
--
ALTER TABLE `petugas`
  MODIFY `id_petugas` int(10) NOT NULL AUTO_INCREMENT, AUTO_INCREMENT=12;

--
-- AUTO_INCREMENT for table `spp`
--
ALTER TABLE `spp`
  MODIFY `id_spp` int(11) NOT NULL AUTO_INCREMENT, AUTO_INCREMENT=15;

--
-- Constraints for dumped tables
--

--
-- Constraints for table `pembayaran`
--
ALTER TABLE `pembayaran`
  ADD CONSTRAINT `pembayaran_ibfk_1` FOREIGN KEY (`nisn`) REFERENCES `siswa` (`nisn`) ON DELETE CASCADE ON UPDATE CASCADE,
  ADD CONSTRAINT `pembayaran_ibfk_2` FOREIGN KEY (`id_petugas`) REFERENCES `petugas` (`id_petugas`) ON DELETE CASCADE ON UPDATE CASCADE,
  ADD CONSTRAINT `pembayaran_ibfk_3` FOREIGN KEY (`id_spp`) REFERENCES `spp` (`id_spp`) ON DELETE CASCADE ON UPDATE CASCADE;

--
-- Constraints for table `siswa`
--
ALTER TABLE `siswa`
  ADD CONSTRAINT `siswa_ibfk_1` FOREIGN KEY (`id_kelas`) REFERENCES `kelas` (`id_kelas`) ON DELETE CASCADE ON UPDATE CASCADE;
COMMIT;

/*!40101 SET CHARACTER_SET_CLIENT=@OLD_CHARACTER_SET_CLIENT */;
/*!40101 SET CHARACTER_SET_RESULTS=@OLD_CHARACTER_SET_RESULTS */;
/*!40101 SET COLLATION_CONNECTION=@OLD_COLLATION_CONNECTION */;
